Municipio;CodPonto;SEQID;SistHidrico;Coleta_Data;Cloreto Total;Condutividade;Escherichia coli**;Fósforo Total;Oxigęnio Dissolvido;Sólido Dissolvido Total;Sólido Total;Temperatura da Água;Turbidez;pH
CUBATAO;CFUG02900;208;Canal de Fuga II da UHE Henry Borden - CFUG;14/01/2016;12,5;151;12;0,007;7,7;168;186;25,9;7,73;6,64
CUBATAO;CFUG02900;208;Canal de Fuga II da UHE Henry Borden - CFUG;30/03/2016;14;154;41;0,018;8;98;104;23,7;3,31;7,28
CUBATAO;CFUG02900;208;Canal de Fuga II da UHE Henry Borden - CFUG;05/05/2016;14;161;36;0,01;7,7;84;84;22,9;2,52;7,43
CUBATAO;CFUG02900;208;Canal de Fuga II da UHE Henry Borden - CFUG;27/07/2016;12,8;151;13;0,02;7,6;126;126;18,8;5,91;7
CUBATAO;CFUG02900;208;Canal de Fuga II da UHE Henry Borden - CFUG;08/09/2016;12,5;151;69;0,012;8,5;128;132;19,5;6,36;5,94
CUBATAO;CFUG02900;208;Canal de Fuga II da UHE Henry Borden - CFUG;16/11/2016;10,4;115;236;0,007;7,1;58;120;20;2,49;7,11
CUBATAO;CFUG02900;208;Canal de Fuga II da UHE Henry Borden - CFUG;26/01/2017;14,1;155;16;0,024;7,9;116;194;24,5;5,77;6,33
CUBATAO;CFUG02900;208;Canal de Fuga II da UHE Henry Borden - CFUG;28/03/2017;12,5;142;9;0,014;7,3;50;68;23,7;2,5;6,84
CUBATAO;CFUG02900;208;Canal de Fuga II da UHE Henry Borden - CFUG;23/05/2017;12,7;139;33;0,013;8,8;94;102;20,4;2,7;6,79
CUBATAO;CFUG02900;208;Canal de Fuga II da UHE Henry Borden - CFUG;25/07/2017;13,8;122;80;0,011;10,3;87;96;18,2;2,25;6,92
CUBATAO;CFUG02900;208;Canal de Fuga II da UHE Henry Borden - CFUG;27/09/2017;12;131;15;0,007;7,9;126;220;21,1;4,35;7,88
CUBATAO;CFUG02900;208;Canal de Fuga II da UHE Henry Borden - CFUG;30/11/2017;12,7;146;18;0,02;8,6;100;190;22,6;2,15;8,02
CUBATAO;CFUG02900;208;Canal de Fuga II da UHE Henry Borden - CFUG;10/01/2018;13;139;112;0,015;7,2;140;390;24;2,54;7,7
CUBATAO;CFUG02900;208;Canal de Fuga II da UHE Henry Borden - CFUG;07/03/2018;12,3;127;13;0,007;8;74;88;25,3;2,28;7,01
CUBATAO;CFUG02900;208;Canal de Fuga II da UHE Henry Borden - CFUG;02/05/2018;10,8;109;36;0,011;8,6;82;88;23,5;2,09;7,45
CUBATAO;CFUG02900;208;Canal de Fuga II da UHE Henry Borden - CFUG;31/07/2018;14,1;135;2;0,007;9,4;76;120;19,2;3,27;7,24
CUBATAO;CFUG02900;208;Canal de Fuga II da UHE Henry Borden - CFUG;26/09/2018;13,2;144,1;15;0,007;9,4;144;194;21;1,99;8,21
CUBATAO;CFUG02900;208;Canal de Fuga II da UHE Henry Borden - CFUG;28/11/2018;14,2;139;560;0,013;9,4;126;144;21,2;2,48;7,54
CUBATAO;CFUG02900;208;Canal de Fuga II da UHE Henry Borden - CFUG;09/01/2019;12,9;148;25;0,016;8,2;76;82;26,3;2,44;7,14
CUBATAO;CFUG02900;208;Canal de Fuga II da UHE Henry Borden - CFUG;13/03/2019;15,8;158;43;0,038;8,7;102;110;25;4,76;6,95
CUBATAO;CFUG02900;208;Canal de Fuga II da UHE Henry Borden - CFUG;15/05/2019;11,2;122;12;0,009;8,1;86;94;23,2;2,97;7,18
CUBATAO;CFUG02900;208;Canal de Fuga II da UHE Henry Borden - CFUG;24/07/2019;10,3;107;69;0,012;9,1;72;80;18,8;2,73;7,34
CUBATAO;CFUG02900;208;Canal de Fuga II da UHE Henry Borden - CFUG;11/09/2019;10,1;122;2;0,01;9,4;76;96;19,6;3,5;7,33
CUBATAO;CFUG02900;208;Canal de Fuga II da UHE Henry Borden - CFUG;27/11/2019;11,2;133;29;0,027;8,9;68;84;21,6;2,95;7,87
CUBATAO;CFUG02900;208;Canal de Fuga II da UHE Henry Borden - CFUG;04/03/2020;9,41;106;27;0,017;8,8;68;70;21,8;4,91;7,4
CUBATAO;CFUG02900;208;Canal de Fuga II da UHE Henry Borden - CFUG;04/11/2020;11,8;137;47;0,007;9,1;72;82;20,4;3,4;6,89
CUBATAO;CFUG02900;208;Canal de Fuga II da UHE Henry Borden - CFUG;02/12/2020;12,2;142;9;0,007;8,6;72;88;23,5;3,16;7,78
CUBATAO;CFUG02900;208;Canal de Fuga II da UHE Henry Borden - CFUG;01/03/2021;9,94;113;27;0,016;8,2;98;100;24,5;3,06;7,59
CUBATAO;CFUG02900;208;Canal de Fuga II da UHE Henry Borden - CFUG;08/06/2021;10,9;88;108;0,018;7,6;50;72;20,4;7,4;8,1
CUBATAO;CFUG02900;208;Canal de Fuga II da UHE Henry Borden - CFUG;14/09/2021;12,2;138;21;0,008;8,4;102;112;22;3,7;8,46
CUBATAO;CFUG02900;208;Canal de Fuga II da UHE Henry Borden - CFUG;30/11/2021;10,8;87;116;0,012;5,9;88;94;24,6;4,42;6,85
CUBATAO;CFUG02900;208;Canal de Fuga II da UHE Henry Borden - CFUG;31/03/2022;11,8;131;84;0,02;8,7;82;96;24;5,19;7,56
CUBATAO;CFUG02900;208;Canal de Fuga II da UHE Henry Borden - CFUG;09/06/2022;9,77;112;88;0,02;10,1;80;82;17;4,1;7,32
CUBATAO;CFUG02900;208;Canal de Fuga II da UHE Henry Borden - CFUG;01/09/2022;13;129;18;0,02;10,3;100;100;16;3,4;7,3
CUBATAO;CFUG02900;208;Canal de Fuga II da UHE Henry Borden - CFUG;01/12/2022;9,66;105;28;0,02;9,2;100;100;21;2,97;7,59
CUBATAO;CFUG02900;208;Canal de Fuga II da UHE Henry Borden - CFUG;08/03/2023;12,1;138;37;0,03;9,3;94;80;21;2,12;7,48
CUBATAO;CFUG02900;208;Canal de Fuga II da UHE Henry Borden - CFUG;13/06/2023;11,1;118;128;0,03;9,5;78;82;19;2,43;7,62
CUBATAO;CFUG02900;208;Canal de Fuga II da UHE Henry Borden - CFUG;12/09/2023;11,1;119;10;0,04;9,7;68;70;20;2,58;7,92
CUBATAO;CFUG02900;208;Canal de Fuga II da UHE Henry Borden - CFUG;05/12/2023;11,4;135;21;0,02;8,7;50;50;24;2,88;7,69
CUBATAO;CFUG02900;208;Canal de Fuga II da UHE Henry Borden - CFUG;12/03/2024;8,85;108;28;0,02;8,5;50;52;25;4,33;7,42
CUBATAO;CFUG02900;208;Canal de Fuga II da UHE Henry Borden - CFUG;08/05/2024;11;118;9;0,03;9,3;82;134;23;3,45;7,78
CUBATAO;CFUG02900;208;Canal de Fuga II da UHE Henry Borden - CFUG;17/09/2024;12,1;128;31;0,02;9,6;68;84;18;5,51;7,18
CUBATAO;CFUG02900;208;Canal de Fuga II da UHE Henry Borden - CFUG;10/12/2024;11,3;121;43;0,02;8,9;50;58;22;3,33;7,56
CUBATAO;CUBA02700;206;Rio Cubatăo - CUBA;14/01/2016;3;31,7;4400;0,007;8;68;162;25,3;81,4;5,93
CUBATAO;CUBA02700;206;Rio Cubatăo - CUBA;30/03/2016;3;47,1;440;0,01;7,2;50;50;22,1;1,14;7,12
CUBATAO;CUBA02700;206;Rio Cubatăo - CUBA;05/05/2016;17,8;52,9;260;0,018;7,3;50;50;21,4;1,09;7,1
CUBATAO;CUBA02700;206;Rio Cubatăo - CUBA;27/07/2016;4,54;55,1;440;0,01;7,9;74;76;18,4;1,72;7,08
CUBATAO;CUBA02700;206;Rio Cubatăo - CUBA;08/09/2016;3,08;52;760;0,014;8,1;50;50;19,4;2,18;6,31
CUBATAO;CUBA02700;206;Rio Cubatăo - CUBA;16/11/2016;3,24;33,9;480;0,008;7,5;50;50;22;11,6;7,45
CUBATAO;CUBA02700;206;Rio Cubatăo - CUBA;26/01/2017;3,71;41,2;1040;0,012;7,2;50;126;23;4,87;6,98
CUBATAO;CUBA02700;206;Rio Cubatăo - CUBA;28/03/2017;4,05;42,9;400;0,012;7,1;50;50;21,3;1,54;7,26
CUBATAO;CUBA02700;206;Rio Cubatăo - CUBA;23/05/2017;3,77;39,1;400;0,01;8,4;52;60;18,9;8,17;7,2
CUBATAO;CUBA02700;206;Rio Cubatăo - CUBA;25/07/2017;5,63;41,7;164;0,01;9,6;50;50;17;1,02;7,34
CUBATAO;CUBA02700;206;Rio Cubatăo - CUBA;27/09/2017;4,3;53,9;1380;0,054;7,7;86;186;22,4;1,48;8,03
CUBATAO;CUBA02700;206;Rio Cubatăo - CUBA;30/11/2017;4,98;44,9;168;0,04;8,61;50;88;21,9;1,24;8,25
CUBATAO;CUBA02700;206;Rio Cubatăo - CUBA;10/01/2018;5,3;38,1;560;0,0088;7,5;146;312;21,8;4,9;6,57
CUBATAO;CUBA02700;206;Rio Cubatăo - CUBA;07/03/2018;4,77;44,3;204;0,007;8,6;446;506;23,6;1,22;7,43
CUBATAO;CUBA02700;206;Rio Cubatăo - CUBA;02/05/2018;4,4;45,9;172;0,0075;8,3;58;62;21,5;1,04;7,12
CUBATAO;CUBA02700;206;Rio Cubatăo - CUBA;31/07/2018;6,71;57,4;620;0,046;8,9;50;80;19,1;2,81;7,12
CUBATAO;CUBA02700;206;Rio Cubatăo - CUBA;26/09/2018;6,01;54,7;160;0,007;8;82;108;21,5;1,02;7,34
CUBATAO;CUBA02700;206;Rio Cubatăo - CUBA;28/11/2018;4,66;44;152;0,019;9,1;76;212;20,1;1,19;7,64
CUBATAO;CUBA02700;206;Rio Cubatăo - CUBA;09/01/2019;5,87;64;460;0,015;7,7;50;50;25,6;1,42;6,79
CUBATAO;CUBA02700;206;Rio Cubatăo - CUBA;13/03/2019;3,71;38;380;0,044;8,6;50;52;23,1;7,62;8,01
CUBATAO;CUBA02700;206;Rio Cubatăo - CUBA;15/05/2019;5,68;39;360;0,009;7,5;50;50;21,3;2,65;7,61
CUBATAO;CUBA02700;206;Rio Cubatăo - CUBA;24/07/2019;3,78;41;268;0,007;7,4;50;50;18,8;1,54;6,76
CUBATAO;CUBA02700;206;Rio Cubatăo - CUBA;11/09/2019;3,62;45;520;0,01;8,5;50;66;20,5;1,54;7,28
CUBATAO;CUBA02700;206;Rio Cubatăo - CUBA;27/11/2019;4,12;45;212;0,027;8,7;50;50;19,9;1,19;7,83
CUBATAO;CUBA02700;206;Rio Cubatăo - CUBA;04/03/2020;3,1;4;540;0,016;8,5;50;50;20,3;15;6,42
CUBATAO;CUBA02700;206;Rio Cubatăo - CUBA;16/06/2020;4,7;39;480;0,007;9,2;54;60;18,5;2,91;6,83
CUBATAO;CUBA02700;206;Rio Cubatăo - CUBA;24/09/2020;3,91;38;1020;0,007;9,7;50;56;19,5;2,31;7,59
CUBATAO;CUBA02700;206;Rio Cubatăo - CUBA;04/11/2020;5,5;41;640;0,007;9,3;50;50;17,9;1,07;7,26
CUBATAO;CUBA02700;206;Rio Cubatăo - CUBA;02/12/2020;3,93;44;520;0,008;7,6;50;50;23,1;1;7,54
CUBATAO;CUBA02700;206;Rio Cubatăo - CUBA;01/03/2021;3,73;40;580;0,01;7,3;60;68;25,2;2,44;6,95
CUBATAO;CUBA02700;206;Rio Cubatăo - CUBA;08/06/2021;5,09;6,36;3000;0,021;8,4;50;52;19,6;18,8;7,05
CUBATAO;CUBA02700;206;Rio Cubatăo - CUBA;14/09/2021;4,3;52;288;0,013;7,7;68;70;23,3;1,04;7,37
CUBATAO;CUBA02700;206;Rio Cubatăo - CUBA;30/11/2021;3,83;14;440;0,007;7,3;50;52;25,3;1,26;7,41
CUBATAO;CUBA02700;206;Rio Cubatăo - CUBA;31/03/2022;3,53;38,7;580;0,03;8,7;50;50;22;4,7;7,66
CUBATAO;CUBA02700;206;Rio Cubatăo - CUBA;09/06/2022;3,61;40,1;1000;0,02;9,21;50;50;18;3,44;6,64
CUBATAO;CUBA02700;206;Rio Cubatăo - CUBA;01/09/2022;4,92;44;128;0,02;10,1;100;100;15;1,82;7,22
CUBATAO;CUBA02700;206;Rio Cubatăo - CUBA;01/12/2022;3,13;31,3;216;0,02;9;100;100;20;6,31;6,57
CUBATAO;CUBA02700;206;Rio Cubatăo - CUBA;08/03/2023;3,32;37,5;600;0,02;9,3;50;50;19;4,03;6,75
CUBATAO;CUBA02700;206;Rio Cubatăo - CUBA;13/06/2023;3,92;47,4;860;0,02;8,7;50;50;19;1,16;6,92
CUBATAO;CUBA02700;206;Rio Cubatăo - CUBA;12/09/2023;4,21;44,6;144;0,02;9,2;50;50;19;1;6,99
CUBATAO;CUBA02700;206;Rio Cubatăo - CUBA;05/12/2023;3,9;44,3;208;0,03;8,5;50;50;22;1,75;6,86
CUBATAO;CUBA02700;206;Rio Cubatăo - CUBA;12/03/2024;3,09;15;204;0,04;8,8;50;50;22;4,24;6,61
CUBATAO;CUBA02700;206;Rio Cubatăo - CUBA;08/05/2024;4,31;45,9;232;0,02;8,7;68;74;20;2,41;7,01
CUBATAO;CUBA02700;206;Rio Cubatăo - CUBA;17/09/2024;3,44;31,6;540;0,02;9,6;50;50;16;13,2;6,08
CUBATAO;CUBA02700;206;Rio Cubatăo - CUBA;10/12/2024;4,09;46,1;800;0,02;8,8;50;50;20;1,22;6,69
CUBATAO;CUBA03900;207;Rio Cubatăo - CUBA;14/01/2016;12;1620;3000;0,007;8;50;50;25,6;10,4;5,61
CUBATAO;CUBA03900;207;Rio Cubatăo - CUBA;30/03/2016;122;7190;2000;0,065;7;294;324;25;2,92;7,18
CUBATAO;CUBA03900;207;Rio Cubatăo - CUBA;05/05/2016;4960;16000;7800;0,57;6;8980;10100;25,6;3,52;7,07
CUBATAO;CUBA03900;207;Rio Cubatăo - CUBA;27/07/2016;3730;12200;940;0,77;5,8;7720;8020;21,2;5,59;6,51
CUBATAO;CUBA03900;207;Rio Cubatăo - CUBA;08/09/2016;314;1180;4100;0,057;7,9;680;780;21,7;4,76;5,99
CUBATAO;CUBA03900;207;Rio Cubatăo - CUBA;16/11/2016;27,8;143;2300;0,028;7,9;80;140;24,7;10,8;6,8
CUBATAO;CUBA03900;207;Rio Cubatăo - CUBA;26/01/2017;14,7;160;4900;0,048;7,3;150;202;24,6;4,82;6,72
CUBATAO;CUBA03900;207;Rio Cubatăo - CUBA;28/03/2017;975;3480;4700;0,23;5,7;2130;2140;24,6;4,17;6,3
CUBATAO;CUBA03900;207;Rio Cubatăo - CUBA;23/05/2017;55,7;282;2200;0,018;8;158;188;21,1;4,8;6,84
CUBATAO;CUBA03900;207;Rio Cubatăo - CUBA;25/07/2017;1880;6210;2900;0,34;8,6;3920;4250;21,6;3,51;6,7
CUBATAO;CUBA03900;207;Rio Cubatăo - CUBA;27/09/2017;2530;8180;2000;0,17;6,6;5000;5100;25,3;10,1;7,18
CUBATAO;CUBA03900;207;Rio Cubatăo - CUBA;30/11/2017;112;655;2000;0,05;6,95;340;380;23,2;4,06;7,48
CUBATAO;CUBA03900;207;Rio Cubatăo - CUBA;10/01/2018;244;1100;2200;0,046;7,3;476;580;25;4,74;7,06
CUBATAO;CUBA03900;207;Rio Cubatăo - CUBA;07/03/2018;1810;4750;1600;0,1;8,2;2090;2510;26,7;5,69;7,04
CUBATAO;CUBA03900;207;Rio Cubatăo - CUBA;02/05/2018;2560;8110;2700;0,098;6,8;4690;5240;25,4;2,95;6,89
CUBATAO;CUBA03900;207;Rio Cubatăo - CUBA;31/07/2018;3370;11000;3200;0,2;6,9;6550;7460;21,1;6,2;6,91
CUBATAO;CUBA03900;207;Rio Cubatăo - CUBA;26/09/2018;3240;10471;6600;0,22;7;6380;7050;23,4;3,25;7,29
CUBATAO;CUBA03900;207;Rio Cubatăo - CUBA;28/11/2018;340;1312;1060;0,067;8,9;776;796;22,4;5,96;7,39
CUBATAO;CUBA03900;207;Rio Cubatăo - CUBA;09/01/2019;496;1843;9300;0,095;7,2;1020;1080;27,9;3,19;6,92
CUBATAO;CUBA03900;207;Rio Cubatăo - CUBA;13/03/2019;15,4;149;2200;0,018;9,3;94;104;25,2;4,83;6,96
CUBATAO;CUBA03900;207;Rio Cubatăo - CUBA;15/05/2019;603;4690;2800;0,054;6,8;680;1210;24,4;3,96;5,89
CUBATAO;CUBA03900;207;Rio Cubatăo - CUBA;24/07/2019;110;457;9800;0,13;7,8;270;318;20;7,29;6,7
CUBATAO;CUBA03900;207;Rio Cubatăo - CUBA;11/09/2019;26,1;181;3100;0,016;9,5;98;128;20;3,19;7,11
CUBATAO;CUBA03900;207;Rio Cubatăo - CUBA;27/11/2019;595;2136;2500;0,087;8,4;980;1310;22,8;3,21;7,17
CUBATAO;CUBA03900;207;Rio Cubatăo - CUBA;04/03/2020;5,89;60;1800;0,037;8,4;50;76;21;24,8;6,81
CUBATAO;CUBA03900;207;Rio Cubatăo - CUBA;04/11/2020;70;339;2500;0,027;8,8;162;210;20,5;9,17;6,95
CUBATAO;CUBA03900;207;Rio Cubatăo - CUBA;02/12/2020;121;540;1840;0,046;7,6;120;180;25,3;4,02;7,61
CUBATAO;CUBA03900;207;Rio Cubatăo - CUBA;01/03/2021;440;1631;5000;0,16;7,1;816;960;26,4;4,34;7,23
CUBATAO;CUBA03900;207;Rio Cubatăo - CUBA;08/06/2021;523;2017;8400;0,059;8;860;1150;20,7;16,9;7,67
CUBATAO;CUBA03900;207;Rio Cubatăo - CUBA;14/09/2021;3570;11030;3400;0,11;7,5;4430;6110;23,6;4,65;7,35
CUBATAO;CUBA03900;207;Rio Cubatăo - CUBA;30/11/2021;560;250;2100;0,08;3,3;936;1150;24,2;10,1;4,04
CUBATAO;CUBA03900;207;Rio Cubatăo - CUBA;31/03/2022;33,2;240;6200;0,04;8;124;128;25;6,12;6,96
CUBATAO;CUBA03900;207;Rio Cubatăo - CUBA;09/06/2022;235;965;2300;0,06;9,21;452;552;20;4,48;6,85
CUBATAO;CUBA03900;207;Rio Cubatăo - CUBA;01/09/2022;508;2;4300;0,12;9,2;1138;1150;19;3,48;7,09
CUBATAO;CUBA03900;207;Rio Cubatăo - CUBA;01/12/2022;25,1;143;624;0,03;9,2;100;100;21;5,73;7,01
CUBATAO;CUBA03900;207;Rio Cubatăo - CUBA;08/03/2023;83,9;415;10400;0,08;9,2;202;224;23;3,44;7,27
CUBATAO;CUBA03900;207;Rio Cubatăo - CUBA;13/06/2023;3290;9460;25000;0,18;7,8;5820;6350;21;4,74;6,98
CUBATAO;CUBA03900;207;Rio Cubatăo - CUBA;12/09/2023;510;1880;980;0,07;9,5;1030;1040;22;2,75;7,35
CUBATAO;CUBA03900;207;Rio Cubatăo - CUBA;05/12/2023;48,4;25,1;1280;0,03;9,5;84;84;24;4,57;7,64
CUBATAO;CUBA03900;207;Rio Cubatăo - CUBA;12/03/2024;64,4;292;6200;0,05;8,4;162;178;26;5,11;7,12
CUBATAO;CUBA03900;207;Rio Cubatăo - CUBA;08/05/2024;167;901;6800;0,06;9,4;374;426;23;6,52;7,46
CUBATAO;CUBA03900;207;Rio Cubatăo - CUBA;17/09/2024;75,4;347;1700;0,06;9,4;180;212;18;6,67;9,04
CUBATAO;CUBA03900;207;Rio Cubatăo - CUBA;10/12/2024;553;1870;7900;0,09;8,4;300;730;22;3,02;6,56
CUBATAO;MOJI02800;209;Rio Moji - MOJI;14/01/2016;5,04;192;1300;0,841;6,9;154;172;25,3;20,5;4,81
CUBATAO;MOJI02800;209;Rio Moji - MOJI;30/03/2016;7,05;203;9600;1,41;6,2;78;128;22,7;2,44;5,94
CUBATAO;MOJI02800;209;Rio Moji - MOJI;05/05/2016;8,66;327;9100;1,15;3,4;196;204;22,5;3,48;7,02
CUBATAO;MOJI02800;209;Rio Moji - MOJI;27/07/2016;9,99;353;9400;1,15;1,4;214;218;20,6;9,34;6,3
CUBATAO;MOJI02800;209;Rio Moji - MOJI;08/09/2016;8,69;246;184;0,98;3;170;186;20,2;6,34;5,57
CUBATAO;MOJI02800;209;Rio Moji - MOJI;16/11/2016;4,7;128;440;0,53;7,2;120;134;21,9;8,02;6,3
CUBATAO;MOJI02800;209;Rio Moji - MOJI;26/01/2017;5,79;169;660;1,21;6,2;116;230;23,6;3,08;6,79
CUBATAO;MOJI02800;209;Rio Moji - MOJI;28/03/2017;8,01;230;2100;2,19;4,9;106;126;22,5;4,62;6,63
CUBATAO;MOJI02800;209;Rio Moji - MOJI;23/05/2017;6,19;156;112;1,05;5,7;102;134;19,9;5,1;6,82
CUBATAO;MOJI02800;209;Rio Moji - MOJI;25/07/2017;9,64;198;400;1,35;5,5;114;152;19;1,95;6,33
CUBATAO;MOJI02800;209;Rio Moji - MOJI;27/09/2017;11,5;495;8900;0,84;1,2;228;260;23,6;8,49;7,09
CUBATAO;MOJI02800;209;Rio Moji - MOJI;30/11/2017;9,7;215;68;0,7;6,13;140;220;21,5;4,11;8,05
CUBATAO;MOJI02800;209;Rio Moji - MOJI;10/01/2018;10,3;368;200;1,66;5,6;330;392;22,5;1,79;4,46
CUBATAO;MOJI02800;209;Rio Moji - MOJI;07/03/2018;14,9;779;1700;3,47;5,4;134;142;24,2;10,2;6,25
CUBATAO;MOJI02800;209;Rio Moji - MOJI;02/05/2018;6,91;198;148;0,33;5,6;128;140;22,4;2,21;6,14
CUBATAO;MOJI02800;209;Rio Moji - MOJI;31/07/2018;14,8;471;780;2,68;2,3;178;220;20,2;21,4;6,51
CUBATAO;MOJI02800;209;Rio Moji - MOJI;26/09/2018;8,57;193,2;136;0,19;1,3;140;154;22,4;2,7;6,66
CUBATAO;MOJI02800;209;Rio Moji - MOJI;28/11/2018;11;161;720;0,44;7,6;144;218;21,2;3,01;6,94
CUBATAO;MOJI02800;209;Rio Moji - MOJI;09/01/2019;11,4;342;328;3,7;4,8;144;158;25,8;3,16;3,49
CUBATAO;MOJI02800;209;Rio Moji - MOJI;13/03/2019;6,74;158;76;0,43;8,3;112;128;23,7;4,94;7,04
CUBATAO;MOJI02800;209;Rio Moji - MOJI;15/05/2019;5,36;109;80;0,23;6,9;124;158;20,9;8,79;5,71
CUBATAO;MOJI02800;209;Rio Moji - MOJI;24/07/2019;7,29;161;59;0,92;4,4;100;112;19,6;2,27;6
CUBATAO;MOJI02800;209;Rio Moji - MOJI;11/09/2019;9,86;275;116;3,08;5,9;122;154;20,6;1,68;5,56
CUBATAO;MOJI02800;209;Rio Moji - MOJI;27/11/2019;8,34;254;104;1,22;7,1;106;138;21,1;2,74;6,76
CUBATAO;MOJI02800;209;Rio Moji - MOJI;04/03/2020;3,77;94;720;0,1;8,8;50;136;22,3;20,2;5,54
CUBATAO;MOJI02800;209;Rio Moji - MOJI;16/06/2020;15;282;80;1,31;4,2;134;192;19,7;5,19;6,11
CUBATAO;MOJI02800;209;Rio Moji - MOJI;24/09/2020;4,64;114;620;0,071;8,7;132;160;18,4;3,12;6,78
CUBATAO;MOJI02800;209;Rio Moji - MOJI;04/11/2020;7,62;186;216;0,26;5,1;102;176;19,1;3,34;6,46
CUBATAO;MOJI02800;209;Rio Moji - MOJI;02/12/2020;6,08;190;8200;0,97;4,6;50;50;24;4,21;6,54
CUBATAO;MOJI02800;209;Rio Moji - MOJI;01/03/2021;6,56;220;100;0,66;5,1;152;164;24,8;4,38;6,03
CUBATAO;MOJI02800;209;Rio Moji - MOJI;08/06/2021;14,7;227;20000;3,16;4,6;110;166;21,2;10,4;7,7
CUBATAO;MOJI02800;209;Rio Moji - MOJI;14/09/2021;8,8;217;72;1,96;5,7;136;166;23,9;4,82;6,48
CUBATAO;MOJI02800;209;Rio Moji - MOJI;30/11/2021;9,7;1962;80;3,9;6,6;130;146;27,2;2,42;6,9
CUBATAO;MOJI02800;209;Rio Moji - MOJI;31/03/2022;4,87;109;2400;0,32;8;70;92;22;11;6,41
CUBATAO;MOJI02800;209;Rio Moji - MOJI;09/06/2022;6,59;191;2200;2,95;6,69;118;138;18;4,59;5,8
CUBATAO;MOJI02800;209;Rio Moji - MOJI;01/09/2022;8,83;194;600;1,4;8,2;108;118;16;5,48;7,25
CUBATAO;MOJI02800;209;Rio Moji - MOJI;01/12/2022;4,81;110;104;0,34;7,7;106;108;20;4,37;6
CUBATAO;MOJI02800;209;Rio Moji - MOJI;08/03/2023;6,73;151;2100;0,98;8,4;102;86;19;3,73;6,15
CUBATAO;MOJI02800;209;Rio Moji - MOJI;13/06/2023;17,7;394;10900;7,67;5,5;216;290;19;19,1;6,35
CUBATAO;MOJI02800;209;Rio Moji - MOJI;12/09/2023;10,1;242;68;3,2;2,8;114;144;20;2,99;4,65
CUBATAO;MOJI02800;209;Rio Moji - MOJI;05/12/2023;6,49;200;2800;0,79;2,4;72;106;23;5,07;6,33
CUBATAO;MOJI02800;209;Rio Moji - MOJI;12/03/2024;9,74;263;148;5,07;7,8;126;130;22;6,56;4,39
CUBATAO;MOJI02800;209;Rio Moji - MOJI;08/05/2024;9,29;195;304;1,06;1,4;104;152;22;3,85;5,96
CUBATAO;MOJI02800;209;Rio Moji - MOJI;17/09/2024;6,66;102;480;0,83;9,1;70;98;17;7,19;5,66
CUBATAO;MOJI02800;209;Rio Moji - MOJI;10/12/2024;16,2;371;20000;3,6;5,7;98;188;21;12;6,17
CUBATAO;PERE02900;747;Rio Perequę - PERE;14/01/2016;3;41,3;236;0,007;7,1;50;50;23,6;3,21;6,56
CUBATAO;PERE02900;747;Rio Perequę - PERE;30/03/2016;3,78;45,6;460;0,071;7,1;50;52;22,2;25,8;6,54
CUBATAO;PERE02900;747;Rio Perequę - PERE;05/05/2016;5,89;53,9;380;0,163;7;50;50;20;2,34;6,52
CUBATAO;PERE02900;747;Rio Perequę - PERE;27/07/2016;6,33;132;480;0,027;7,3;78;78;18,6;3,64;7,46
CUBATAO;PERE02900;747;Rio Perequę - PERE;08/09/2016;4,02;57;164;0,009;7,7;50;50;19,5;3,17;8,22
CUBATAO;PERE02900;747;Rio Perequę - PERE;16/11/2016;3,34;46,1;80;0,011;7,2;58;58;20,1;3,34;6,08
CUBATAO;PERE02900;747;Rio Perequę - PERE;26/01/2017;6,3;45,4;1120;0,03;6,9;84;210;23,2;2,26;8,73
CUBATAO;PERE02900;747;Rio Perequę - PERE;28/03/2017;4,17;47;500;0,015;7,4;50;50;21,4;6,81;9,82
CUBATAO;PERE02900;747;Rio Perequę - PERE;23/05/2017;4,52;41,7;80;0,015;7,4;50;52;18,6;3,66;7,92
CUBATAO;PERE02900;747;Rio Perequę - PERE;25/07/2017;6,04;37,4;72;0,017;9,4;50;50;16,8;1,77;6,68
CUBATAO;PERE02900;747;Rio Perequę - PERE;27/09/2017;7,31;65,6;580;0,036;6,1;90;100;20,7;9,43;8,34
CUBATAO;PERE02900;747;Rio Perequę - PERE;30/11/2017;4,27;42,4;140;0,02;7,99;60;192;20;1,61;6,89
CUBATAO;PERE02900;747;Rio Perequę - PERE;10/01/2018;5,74;42,8;140;0,011;7,3;180;194;21,7;2,76;6,49
CUBATAO;PERE02900;747;Rio Perequę - PERE;07/03/2018;4,31;42,5;380;0,007;8,5;50;50;23,4;5,69;7,51
CUBATAO;PERE02900;747;Rio Perequę - PERE;02/05/2018;6,85;47,6;120;0,0075;8,2;52;54;21,1;2,28;6,47
CUBATAO;PERE02900;747;Rio Perequę - PERE;31/07/2018;7,93;74,3;2100;0,11;8,2;50;202;19,1;11,5;6,09
CUBATAO;PERE02900;747;Rio Perequę - PERE;26/09/2018;7,48;54,6;740;0,007;8,2;50;50;21,1;1,84;6,86
CUBATAO;PERE02900;747;Rio Perequę - PERE;28/11/2018;4,12;47;96;0,007;9,2;70;140;19,9;1,61;6,97
CUBATAO;PERE02900;747;Rio Perequę - PERE;09/01/2019;5,96;52;660;0,014;7,9;50;50;24;2,19;6,11
CUBATAO;PERE02900;747;Rio Perequę - PERE;13/03/2019;5,47;40;80;0,012;8,5;50;52;22,5;3,09;7,7
CUBATAO;PERE02900;747;Rio Perequę - PERE;15/05/2019;3,99;36;29;0,007;5,9;50;50;20,2;2,89;5,77
CUBATAO;PERE02900;747;Rio Perequę - PERE;24/07/2019;4,73;41;400;0,019;9,1;50;50;18,6;1,85;6,46
CUBATAO;PERE02900;747;Rio Perequę - PERE;11/09/2019;3,69;41;440;0,008;8,6;50;52;20;1,3;6,06
CUBATAO;PERE02900;747;Rio Perequę - PERE;27/11/2019;4,1;46;72;0,024;8,7;50;50;19,8;1,42;5,82
CUBATAO;PERE02900;747;Rio Perequę - PERE;04/03/2020;3,01;37;88;0,011;8,8;50;52;20,4;14,2;6,12
CUBATAO;PERE02900;747;Rio Perequę - PERE;04/11/2020;3,78;39;76;0,007;9,3;50;50;17,4;2,09;6,46
CUBATAO;PERE02900;747;Rio Perequę - PERE;02/12/2020;3,52;43;92;0,007;7,5;50;50;23,1;1,55;7,8
CUBATAO;PERE02900;747;Rio Perequę - PERE;01/03/2021;3,46;41;420;0,007;7,6;68;70;24,2;2,63;6,22
CUBATAO;PERE02900;747;Rio Perequę - PERE;08/06/2021;4,53;16;4300;0,037;6,6;50;52;20,2;14;6,67
CUBATAO;PERE02900;747;Rio Perequę - PERE;14/09/2021;4,92;48;188;0,024;8,5;64;68;22;2,63;6,99
CUBATAO;PERE02900;747;Rio Perequę - PERE;30/11/2021;3,66;7;148;0,007;5,1;50;50;23,9;1,94;6,1
CUBATAO;PERE02900;747;Rio Perequę - PERE;31/03/2022;3,44;36,3;580;0,02;8,6;50;50;21;5,68;5,61
CUBATAO;PERE02900;747;Rio Perequę - PERE;09/06/2022;3,58;144;1120;0,02;9,7;52;52;18;2,4;6,9
CUBATAO;PERE02900;747;Rio Perequę - PERE;01/09/2022;4,06;41,7;72;0,02;10;100;100;14;1,69;7,32
CUBATAO;PERE02900;747;Rio Perequę - PERE;01/12/2022;2,84;34,1;328;0,02;8,8;100;100;20;6,26;6,23
CUBATAO;PERE02900;747;Rio Perequę - PERE;08/03/2023;3,49;38,3;400;0,03;9;50;50;18;2,73;6,24
CUBATAO;PERE02900;747;Rio Perequę - PERE;13/06/2023;4,4;44,2;580;0,03;8,6;50;52;19;3,04;6,15
CUBATAO;PERE02900;747;Rio Perequę - PERE;12/09/2023;3,84;39,2;92;0,02;9,1;50;50;19;2,37;6,59
CUBATAO;PERE02900;747;Rio Perequę - PERE;05/12/2023;3,44;37,7;232;0,02;8,4;50;50;22;2,73;6,26
CUBATAO;PERE02900;747;Rio Perequę - PERE;12/03/2024;2,93;38;92;0,02;8,6;50;50;22;5,43;5,54
CUBATAO;PERE02900;747;Rio Perequę - PERE;08/05/2024;4,47;42,6;196;0,03;8,6;50;72;21;2,77;6,21
CUBATAO;PERE02900;747;Rio Perequę - PERE;17/09/2024;3,4;41,3;160;0,02;9,6;50;60;16;7,72;4,88
CUBATAO;PERE02900;747;Rio Perequę - PERE;10/12/2024;3,98;46,2;780;0,16;8,9;50;50;20;2,02;6,62
CUBATAO;PIAC02700;210;Rio Piaçaguera - PIAC;14/01/2016;8,61;608;960;0,537;6,4;536;558;25,3;9,5;6,73
CUBATAO;PIAC02700;210;Rio Piaçaguera - PIAC;30/03/2016;12,8;1180;72;91,6;3,4;810;958;25,6;7,62;2,95
CUBATAO;PIAC02700;210;Rio Piaçaguera - PIAC;05/05/2016;331;2630;4100;50,4;5;2320;2580;26,7;18,8;6,21
CUBATAO;PIAC02700;210;Rio Piaçaguera - PIAC;27/07/2016;137;1990;1040;45,9;5,6;1110;1260;23,4;19,7;5,57
CUBATAO;PIAC02700;210;Rio Piaçaguera - PIAC;08/09/2016;420;3000;3100;13;6,6;2210;2210;23,3;15,8;4,95
CUBATAO;PIAC02700;210;Rio Piaçaguera - PIAC;16/11/2016;18,2;350;116;18,2;5;468;528;22,1;6,89;6,74
CUBATAO;PIAC02700;210;Rio Piaçaguera - PIAC;26/01/2017;16,1;739;2100;48,8;4,2;694;1050;26,9;22,5;6,51
CUBATAO;PIAC02700;210;Rio Piaçaguera - PIAC;28/03/2017;14,1;561;6100;12,1;5,4;466;514;24,2;14,9;6,81
CUBATAO;PIAC02700;210;Rio Piaçaguera - PIAC;23/05/2017;19,4;747;2400;12,9;6,4;1560;1860;23;32,3;6,35
CUBATAO;PIAC02700;210;Rio Piaçaguera - PIAC;25/07/2017;32,2;1730;2100;68,9;7,4;1750;1850;24,4;22,2;6,04
CUBATAO;PIAC02700;210;Rio Piaçaguera - PIAC;27/09/2017;82;1330;7400;37,7;3,4;1220;1280;28,2;10,1;6,45
CUBATAO;PIAC02700;210;Rio Piaçaguera - PIAC;30/11/2017;23;896;680;4;6,22;724;922;24,5;1,27;9,26
CUBATAO;PIAC02700;210;Rio Piaçaguera - PIAC;10/01/2018;17,3;930;3600;11,7;4,5;912;1010;25,6;14,1;7,16
CUBATAO;PIAC02700;210;Rio Piaçaguera - PIAC;07/03/2018;11,3;764;1800;10,2;8;636;720;26,6;14,4;6,02
CUBATAO;PIAC02700;210;Rio Piaçaguera - PIAC;02/05/2018;19,8;865;1540;3,99;7,3;872;920;25,9;8,63;6,66
CUBATAO;PIAC02700;210;Rio Piaçaguera - PIAC;31/07/2018;15,9;737;5400;25;6,2;632;794;23,6;96,5;5,94
CUBATAO;PIAC02700;210;Rio Piaçaguera - PIAC;26/09/2018;16,8;1217;4900;19,7;4,2;1120;1230;28,6;7,59;6,22
CUBATAO;PIAC02700;210;Rio Piaçaguera - PIAC;28/11/2018;15,1;596;980;20,8;7,7;612;636;22,7;5,76;6,44
CUBATAO;PIAC02700;210;Rio Piaçaguera - PIAC;09/01/2019;16,2;1143;11300;5,8;5,6;924;1080;28,1;8,99;6,26
CUBATAO;PIAC02700;210;Rio Piaçaguera - PIAC;13/03/2019;7,74;489;4300;6,99;7,9;390;430;24,1;9,18;6,1
CUBATAO;PIAC02700;210;Rio Piaçaguera - PIAC;15/05/2019;13,4;948;72;10;5,8;676;796;23,7;13;3,43
CUBATAO;PIAC02700;210;Rio Piaçaguera - PIAC;24/07/2019;15,1;1486;18000;7,6;4,1;1260;1520;25,6;12,9;6,21
CUBATAO;PIAC02700;210;Rio Piaçaguera - PIAC;11/09/2019;10,5;737;1800;4,22;6,6;572;728;22,4;6,31;6,52
CUBATAO;PIAC02700;210;Rio Piaçaguera - PIAC;27/11/2019;14,6;918;2500;13,1;7,9;784;1020;24;7,48;6,34
CUBATAO;PIAC02700;210;Rio Piaçaguera - PIAC;04/03/2020;4,36;336;3900;12,8;8,4;248;306;21,3;12,3;5,92
CUBATAO;PIAC02700;210;Rio Piaçaguera - PIAC;04/11/2020;53,1;957;1160;10,3;7,6;754;910;22,4;9,84;6,04
CUBATAO;PIAC02700;210;Rio Piaçaguera - PIAC;02/12/2020;8,25;830;9100;5,06;6,1;546;548;25,4;6,84;6,78
CUBATAO;PIAC02700;210;Rio Piaçaguera - PIAC;01/03/2021;7,29;618;1380;7,96;7,1;524;644;25,6;9,19;6
CUBATAO;PIAC02700;210;Rio Piaçaguera - PIAC;08/06/2021;11,7;655;18000;19,2;5,8;492;732;25;120;6,54
CUBATAO;PIAC02700;210;Rio Piaçaguera - PIAC;14/09/2021;17,7;1170;37000;20,5;6,1;1250;1470;28;11,1;6,61
CUBATAO;PIAC02700;210;Rio Piaçaguera - PIAC;30/11/2021;10,4;708;11700;8,09;5;632;690;26,3;10,2;6,17
CUBATAO;PIAC02700;210;Rio Piaçaguera - PIAC;31/03/2022;7,95;770;8900;4,15;7,4;622;722;25;12,9;6,76
CUBATAO;PIAC02700;210;Rio Piaçaguera - PIAC;09/06/2022;61,1;932;24000;5,67;7,94;608;728;20;12,6;6,73
CUBATAO;PIAC02700;210;Rio Piaçaguera - PIAC;01/09/2022;11,6;124;9300;14,5;7;1192;1228;22;6,75;7,09
CUBATAO;PIAC02700;210;Rio Piaçaguera - PIAC;01/12/2022;6,92;743;4200;12,7;7,3;748;760;24;6,45;6,61
CUBATAO;PIAC02700;210;Rio Piaçaguera - PIAC;08/03/2023;7,14;750;7200;5,33;6,9;716;702;23;10,2;6,35
CUBATAO;PIAC02700;210;Rio Piaçaguera - PIAC;13/06/2023;13,4;719;18000;9,48;4,9;690;772;23;65,2;6,39
CUBATAO;PIAC02700;210;Rio Piaçaguera - PIAC;12/09/2023;9,49;772;20000;5,48;4,7;750;780;28;9,18;6,93
CUBATAO;PIAC02700;210;Rio Piaçaguera - PIAC;05/12/2023;8,11;674;10900;7,52;4,4;546;670;29;9,36;6,49
CUBATAO;PIAC02700;210;Rio Piaçaguera - PIAC;12/03/2024;6,99;591;12100;4,7;7,5;486;504;26;10,3;6,33
CUBATAO;PIAC02700;210;Rio Piaçaguera - PIAC;08/05/2024;10,9;1000;33000;15,5;5,6;1120;1280;30;15,4;6,83
CUBATAO;PIAC02700;210;Rio Piaçaguera - PIAC;17/09/2024;12,1;639;4100;9,42;7,2;580;720;22;19,9;6,17
CUBATAO;PIAC02700;210;Rio Piaçaguera - PIAC;10/12/2024;9,18;588;17000;17,1;0,3;494;612;26;12,6;5,85
GUARUJA;MARO22800;2230;Rio Santo Amaro - MARO;27/01/2016;8100;23100;290000;0,084;1,1;15000;16100;26,5;29,6;7,06
GUARUJA;MARO22800;2230;Rio Santo Amaro - MARO;15/03/2016;1850;9840;420000;1,22;1;3650;4100;25,9;18,5;7,17
GUARUJA;MARO22800;2230;Rio Santo Amaro - MARO;17/05/2016;5300;16300;370000;0,63;1,5;9660;10900;22,8;15;6,89
GUARUJA;MARO22800;2230;Rio Santo Amaro - MARO;19/07/2016;4360;12600;320000;0,93;1,4;9900;11000;17,4;20,7;6,98
GUARUJA;MARO22800;2230;Rio Santo Amaro - MARO;27/09/2016;7480;22500;220000;0,77;3,2;16800;20000;20,6;12,9;6,81
GUARUJA;MARO22800;2230;Rio Santo Amaro - MARO;29/11/2016;3020;9050;430000;1,34;1,5;5920;6960;24,3;26;6,12
GUARUJA;MARO22800;2230;Rio Santo Amaro - MARO;25/01/2017;3300;10100;360000;0,79;1;7860;7890;26,5;16,3;6,67
GUARUJA;MARO22800;2230;Rio Santo Amaro - MARO;22/03/2017;3890;12000;330000;0,73;1;7670;7860;24,4;17;6,71
GUARUJA;MARO22800;2230;Rio Santo Amaro - MARO;17/05/2017;6460;18700;290000;0,48;1;11800;12800;23,3;12,6;6,9
GUARUJA;MARO22800;2230;Rio Santo Amaro - MARO;19/07/2017;10700;41800;230000;0,59;2,2;20000;20000;20,2;10,7;7,32
GUARUJA;MARO22800;2230;Rio Santo Amaro - MARO;13/09/2017;11300;35900;23000;0,74;12,4;20000;20000;25,2;16;8,16
GUARUJA;MARO22800;2230;Rio Santo Amaro - MARO;29/11/2017;9250;30600;82000;0,6;2,3;17300;20000;24,9;23,1;7,29
GUARUJA;MARO22800;2230;Rio Santo Amaro - MARO;17/01/2018;3270;12000;890000;1;1;6290;7090;27,8;21,8;7,55
GUARUJA;MARO22800;2230;Rio Santo Amaro - MARO;21/03/2018;3300;12000;61000;0,81;1;6490;7540;26,6;11;6,78
GUARUJA;MARO22800;2230;Rio Santo Amaro - MARO;23/05/2018;5950;22300;31000;0,75;1,7;10700;11900;21,5;33;6,57
GUARUJA;MARO22800;2230;Rio Santo Amaro - MARO;30/07/2018;5210;21900;67000;1,1;1;11400;12600;21,6;12,1;6,9
GUARUJA;MARO22800;2230;Rio Santo Amaro - MARO;12/09/2018;3100;12743;830000;1,38;1;5400;6030;22,1;27,4;7,22
GUARUJA;MARO22800;2230;Rio Santo Amaro - MARO;21/11/2018;1750;6167;84000;1,29;7,3;2440;2850;22,5;6,99;7,27
GUARUJA;MARO22800;2230;Rio Santo Amaro - MARO;22/01/2019;1460;5490;400000;0,69;1,2;2860;3070;29,8;12,8;7,03
GUARUJA;MARO22800;2230;Rio Santo Amaro - MARO;07/03/2019;2070;680;420000;0,9;1,7;3760;4330;28,4;15,7;6,96
GUARUJA;MARO22800;2230;Rio Santo Amaro - MARO;28/05/2019;3370;5440;1;0,74;2,7;6140;7660;21,5;15,1;6,91
GUARUJA;MARO22800;2230;Rio Santo Amaro - MARO;11/07/2019;6440;19070;210000;0,6;2,8;11200;13400;21,8;12,3;6,91
GUARUJA;MARO22800;2230;Rio Santo Amaro - MARO;03/09/2019;920;4034;440000;0,82;1;2070;2220;19,5;10;7,25
GUARUJA;MARO22800;2230;Rio Santo Amaro - MARO;21/11/2019;8040;27262;8900;0,73;14,2;13700;18700;28,1;18,2;8,35
GUARUJA;MARO22800;2230;Rio Santo Amaro - MARO;16/06/2020;4240;14483;106000;0,46;1;7510;9020;21,2;9,22;7,2
GUARUJA;MARO22800;2230;Rio Santo Amaro - MARO;24/09/2020;786;3020;240000;0,49;1,4;1740;1940;22;7,78;7,31
GUARUJA;MARO22800;2230;Rio Santo Amaro - MARO;11/11/2020;9100;27552;180000;0,33;3,2;14200;18400;24,7;28,3;7,54
GUARUJA;MARO22800;2230;Rio Santo Amaro - MARO;25/05/2021;13700;31900;1800;0,36;4,1;20000;20000;21;12,1;7,46
GUARUJA;MARO22800;2230;Rio Santo Amaro - MARO;15/06/2021;7300;22950;220000;0,72;0,24;12000;15600;22,1;19,8;7,56
GUARUJA;MARO22800;2230;Rio Santo Amaro - MARO;21/09/2021;11200;27950;47000;0,58;2,2;20000;20000;24;19,5;7,17
GUARUJA;MARO22800;2230;Rio Santo Amaro - MARO;07/12/2021;866;10750;380000;0,83;0,24;6500;8630;23,6;32,8;7,25
GUARUJA;MARO22800;2230;Rio Santo Amaro - MARO;17/03/2022;1630;5820;230000;0,73;1;3320;3380;26;9,45;7,13
GUARUJA;MARO22800;2230;Rio Santo Amaro - MARO;29/06/2022;784;4310;400000;1,53;1;1760;1980;19;31,3;7,23
GUARUJA;MARO22800;2230;Rio Santo Amaro - MARO;15/09/2022;562;2200;72000;1,01;1,4;1280;1288;19;14,3;7,48
GUARUJA;MARO22800;2230;Rio Santo Amaro - MARO;08/12/2022;423;3380;380000;0,65;1;942;970;25;12,3;7,03
GUARUJA;MARO22800;2230;Rio Santo Amaro - MARO;21/03/2023;8730;32900;7100;0,8;6;19400;19500;22;10;7,32
GUARUJA;MARO22800;2230;Rio Santo Amaro - MARO;27/06/2023;5160;16000;570000;1,08;1;8130;9270;21;32,7;7,25
GUARUJA;MARO22800;2230;Rio Santo Amaro - MARO;26/09/2023;8260;26000;290000;1,2;1;15000;15200;24;24,7;7,54
GUARUJA;MARO22800;2230;Rio Santo Amaro - MARO;12/12/2023;2100;13900;400000;0,85;1;4260;5000;24;22,3;6,99
GUARUJA;MARO22800;2230;Rio Santo Amaro - MARO;19/03/2024;2680;14400;13300;1,11;1;4660;5370;29;12,1;7,02
GUARUJA;MARO22800;2230;Rio Santo Amaro - MARO;22/05/2024;4080;12100;440000;1,15;1;5690;7280;22;23,1;7,19
GUARUJA;MARO22800;2230;Rio Santo Amaro - MARO;03/09/2024;6100;19000;180000;1,01;4,2;11100;11700;21;25,3;7,2
GUARUJA;MARO22800;2230;Rio Santo Amaro - MARO;03/12/2024;1630;5040;760000;2,06;1;2970;3310;24;27,4;7,3
SANTOS;SABO22500;2535;Rio Saboó - SABO;12/01/2016;28;347;210000;0,036;2,1;232;280;25,4;6,78;6,7
SANTOS;SABO22500;2535;Rio Saboó - SABO;01/03/2016;34,4;345;610000;0,046;1,5;316;350;25,4;16;6,41
SANTOS;SABO22500;2535;Rio Saboó - SABO;03/05/2016;313;1390;4100000;0,866;1;776;828;22,1;14,3;7,4
SANTOS;SABO22500;2535;Rio Saboó - SABO;05/07/2016;147;741;560000;0,619;1,1;396;450;20,2;10,8;7,33
SANTOS;SABO22500;2535;Rio Saboó - SABO;13/09/2016;171;859;840000;1,49;2,7;430;1000;22,1;30;6,37
SANTOS;SABO22500;2535;Rio Saboó - SABO;08/11/2016;82,4;586;350000;0,8;2,9;304;338;24;10,5;6,63
SANTOS;SABO22500;2535;Rio Saboó - SABO;11/01/2017;141;728;630000;1,06;2;400;595;27;19,5;6,83
SANTOS;SABO22500;2535;Rio Saboó - SABO;08/03/2017;20;234;280000;0,32;4,4;196;222;25,2;21,9;7,6
SANTOS;SABO22500;2535;Rio Saboó - SABO;02/05/2017;224;1040;1090000;1,09;1,1;576;672;21,7;32,3;6,93
SANTOS;SABO22500;2535;Rio Saboó - SABO;05/07/2017;67,8;388;290000;0,83;1;252;284;18,1;21,5;6,61
SANTOS;SABO22500;2535;Rio Saboó - SABO;05/09/2017;60,4;477;1170000;1,53;1;270;306;20,5;20,6;7,01
SANTOS;SABO22500;2535;Rio Saboó - SABO;08/11/2017;57,2;481;820000;0,87;1;254;296;22,1;19,5;6,76
SANTOS;SABO22500;2535;Rio Saboó - SABO;23/01/2018;54,2;560;840000;1,38;1;332;332;26,3;22,1;8
SANTOS;SABO22500;2535;Rio Saboó - SABO;27/03/2018;42,8;389;93000;0,98;2;232;302;25,5;13,9;6,77
SANTOS;SABO22500;2535;Rio Saboó - SABO;16/05/2018;48,8;459;79000;1,42;1;202;218;22,5;18,8;7,01
SANTOS;SABO22500;2535;Rio Saboó - SABO;10/07/2018;41;413;91000;1,56;1,5;240;248;19,8;18,2;6,83
SANTOS;SABO22500;2535;Rio Saboó - SABO;04/09/2018;53,8;515;97000;1,73;1;246;268;20,2;29,7;7,19
SANTOS;SABO22500;2535;Rio Saboó - SABO;22/11/2018;96;601;79000;1,12;1,7;310;358;23,5;7,3;7,33
SANTOS;SABO22500;2535;Rio Saboó - SABO;16/01/2019;61,5;484;680000;1,13;1,9;292;292;28;10,4;7,15
SANTOS;SABO22500;2535;Rio Saboó - SABO;27/03/2019;60,8;329;870000;0,84;4,2;178;202;25,4;7,91;7,21
SANTOS;SABO22500;2535;Rio Saboó - SABO;22/05/2019;35,6;286;74000;0,48;1,5;164;200;21,8;8,95;6,1
SANTOS;SABO22500;2535;Rio Saboó - SABO;31/07/2019;95,4;589;420000;1,24;2,2;340;344;20,4;14,9;7,18
SANTOS;SABO22500;2535;Rio Saboó - SABO;25/09/2019;48,7;446;180000;0,9;1,3;200;256;21;8,35;7,35
SANTOS;SABO22500;2535;Rio Saboó - SABO;13/11/2019;53,3;541;380000;1,18;1;200;380;25,1;13,4;7,37
SANTOS;SABO22500;2535;Rio Saboó - SABO;10/03/2020;27;256;340000;0,44;3,6;148;186;24,7;12,7;7,31
SANTOS;SABO22500;2535;Rio Saboó - SABO;26/05/2021;436;1750;810000;1,04;1;952;992;19;17,5;6,93
SANTOS;SABO22500;2535;Rio Saboó - SABO;30/06/2021;110;562;380000;0,85;0,24;334;366;17,1;9,47;6,75
SANTOS;SABO22500;2535;Rio Saboó - SABO;28/09/2021;57,9;493;390000;1,65;3,3;212;258;28,4;14,6;7,47
SANTOS;SABO22500;2535;Rio Saboó - SABO;08/12/2021;56,5;388;210000;0,92;1;292;298;23,4;7,57;7,1
SANTOS;SABO22500;2535;Rio Saboó - SABO;24/03/2022;43,6;392;460000;1,14;1,9;198;226;27;15,4;7,25
SANTOS;SABO22500;2535;Rio Saboó - SABO;02/06/2022;66;469;180000;0,78;1,5;612;856;20;6,31;6,85
SANTOS;SABO22500;2535;Rio Saboó - SABO;29/09/2022;18,5;236;27000;0,39;6,5;144;162;18;7,18;7,62
SANTOS;SABO22500;2535;Rio Saboó - SABO;30/11/2022;37,1;342;2800;0,62;4,2;180;186;23;6;6,93
SANTOS;SABO22500;2535;Rio Saboó - SABO;07/03/2023;286;1300;150000;0,78;2,6;692;734;22;7,17;7,22
SANTOS;SABO22500;2535;Rio Saboó - SABO;14/06/2023;8720;25200;160000;0,67;3;16400;17200;21;10,4;6,78
SANTOS;SABO22500;2535;Rio Saboó - SABO;13/09/2023;113;785;340000;1,53;1,9;340;350;25;10;7,44
SANTOS;SABO22500;2535;Rio Saboó - SABO;06/12/2023;48,5;399;890000;1,24;2;178;192;26;7,7;7,1
SANTOS;SABO22500;2535;Rio Saboó - SABO;13/03/2024;189;897;720000;0,99;6,5;448;532;25;19,3;6,91
SANTOS;SABO22500;2535;Rio Saboó - SABO;07/05/2024;14500;38900;60000;0,62;5,6;20000;20000;26;6,09;7,09
SANTOS;SABO22500;2535;Rio Saboó - SABO;18/09/2024;1410;5390;530000;1,13;1,6;2920;3170;20;17,7;7,09
SANTOS;SABO22500;2535;Rio Saboó - SABO;11/12/2024;62,2;407;320000;0,86;3,9;134;158;22;7,73;7,1
SĂO VICENTE;ANCO02900;572;Rio Branco - ANCO;19/01/2016;656;2440;600;0,013;3,7;1450;2400;26,2;4,04;6,28
SĂO VICENTE;ANCO02900;572;Rio Branco - ANCO;08/03/2016;6500;19700;560;0,023;2,4;12500;13500;25;11,2;6,72
SĂO VICENTE;ANCO02900;572;Rio Branco - ANCO;10/05/2016;10600;30000;660;0,152;2,6;19500;22100;21,4;4,1;6,71
SĂO VICENTE;ANCO02900;572;Rio Branco - ANCO;12/07/2016;8750;27300;72;0,3;4,4;16700;17800;20,1;3,82;6,53
SĂO VICENTE;ANCO02900;572;Rio Branco - ANCO;20/09/2016;11600;35000;2400;0,28;3,4;20000;20000;21,8;12,5;7,57
SĂO VICENTE;ANCO02900;572;Rio Branco - ANCO;22/11/2016;2760;92700;400;0,14;4,5;4980;5960;24;4,5;6,27
SĂO VICENTE;ANCO02900;572;Rio Branco - ANCO;18/01/2017;2880;8870;2100;0,35;1,7;5660;6570;27,1;6,57;6,45
SĂO VICENTE;ANCO02900;572;Rio Branco - ANCO;15/03/2017;748;2570;2900;0,17;2,7;1360;1500;26,1;9,03;6,85
SĂO VICENTE;ANCO02900;572;Rio Branco - ANCO;10/05/2017;14400;31200;2000;0,25;2,8;20000;20000;25;6,49;7,11
SĂO VICENTE;ANCO02900;572;Rio Branco - ANCO;12/07/2017;7240;21000;136;0,16;3,9;12900;14200;21,5;3,53;6,91
SĂO VICENTE;ANCO02900;572;Rio Branco - ANCO;20/09/2017;24700;36600;296;0,19;2,9;20000;20000;24,1;7,26;6,68
SĂO VICENTE;ANCO02900;572;Rio Branco - ANCO;21/11/2017;3930;12400;3100;0,16;3;8120;8720;24,5;4,5;6,4
SĂO VICENTE;ANCO02900;572;Rio Branco - ANCO;31/01/2018;2980;4920;760;0,17;3,1;5340;6290;26;7,4;6,4
SĂO VICENTE;ANCO02900;572;Rio Branco - ANCO;14/03/2018;293;1070;1380;0,1;3,2;126;210;25,8;8,98;7,17
SĂO VICENTE;ANCO02900;572;Rio Branco - ANCO;09/05/2018;6000;29100;460;0,15;4,7;10500;11200;26,1;2,96;7,01
SĂO VICENTE;ANCO02900;572;Rio Branco - ANCO;18/07/2018;9670;28400;72;0,18;3,8;18800;20000;21,4;2,86;6,21
SĂO VICENTE;ANCO02900;572;Rio Branco - ANCO;19/09/2018;11800;31601;64;0,22;4,7;20000;20000;23,4;3,88;7,37
SĂO VICENTE;ANCO02900;572;Rio Branco - ANCO;07/11/2018;3090;66;720;0,16;2,9;5780;6210;22,9;3,48;6,71
SĂO VICENTE;ANCO02900;572;Rio Branco - ANCO;30/01/2019;2240;8351;400;0,19;4,4;4250;4540;31,1;2,82;6,51
SĂO VICENTE;ANCO02900;572;Rio Branco - ANCO;20/03/2019;684;2392;3000;0,17;4,6;1360;1450;25,9;32;6,42
SĂO VICENTE;ANCO02900;572;Rio Branco - ANCO;08/05/2019;1720;5954;6600;0,084;3,6;3280;3550;24,4;7,19;6,42
SĂO VICENTE;ANCO02900;572;Rio Branco - ANCO;17/07/2019;7050;20200;520;0,13;4,2;12300;15800;20,1;3,58;6,81
SĂO VICENTE;ANCO02900;572;Rio Branco - ANCO;18/09/2019;7270;22331;1000;0,2;3,6;11800;15200;23,4;8,15;6,94
SĂO VICENTE;ANCO02900;572;Rio Branco - ANCO;06/11/2019;11100;31807;1620;0,17;5,3;17600;20000;26,8;4,27;7,27
SĂO VICENTE;ANCO02900;572;Rio Branco - ANCO;23/06/2020;7110;25997;580;0,17;2,3;16300;17800;22,4;3,94;6,84
SĂO VICENTE;ANCO02900;572;Rio Branco - ANCO;25/08/2020;1720;5874;940;0,067;5,9;2830;3910;18,9;4,74;6,95
SĂO VICENTE;ANCO02900;572;Rio Branco - ANCO;01/12/2020;9830;28630;420;0,11;4,6;15000;19900;28;7,87;7,41
SĂO VICENTE;ANCO02900;572;Rio Branco - ANCO;11/05/2021;5200;16100;700;0,16;3,4;7640;10000;23;4,77;6,85
SĂO VICENTE;ANCO02900;572;Rio Branco - ANCO;13/07/2021;8270;24410;920;0,2;2,4;13700;16900;21,6;3,16;6,88
SĂO VICENTE;ANCO02900;572;Rio Branco - ANCO;29/09/2021;7980;24090;316;0,2;5,3;15100;16800;25,9;3,66;7,04
SĂO VICENTE;ANCO02900;572;Rio Branco - ANCO;01/12/2021;14400;36750;380;0,17;2,7;20000;20000;23,2;12,1;7,85
SĂO VICENTE;ANCO02900;572;Rio Branco - ANCO;10/03/2022;8080;24000;6700;0,26;3,9;13400;17500;29;4,23;6,95
SĂO VICENTE;ANCO02900;572;Rio Branco - ANCO;30/06/2022;6270;22000;640;0,2;2,6;11500;13600;20;3,19;6,75
SĂO VICENTE;ANCO02900;572;Rio Branco - ANCO;22/09/2022;10300;31000;260;0,15;3,9;100;100;21;10,2;7,02
SĂO VICENTE;ANCO02900;572;Rio Branco - ANCO;07/12/2022;7180;15700;1600;0,26;1,8;100;100;25;4,07;6,75
SĂO VICENTE;ANCO02900;572;Rio Branco - ANCO;22/03/2023;6930;21700;620;0,11;4,1;12300;13800;24;2,05;6,85
SĂO VICENTE;ANCO02900;572;Rio Branco - ANCO;28/06/2023;13300;37700;132;0,42;3,8;20000;20000;23;2,14;7,44
SĂO VICENTE;ANCO02900;572;Rio Branco - ANCO;27/09/2023;11000;32300;304;0,02;3,3;20000;20000;25;6,83;7,84
SĂO VICENTE;ANCO02900;572;Rio Branco - ANCO;13/12/2023;2420;10400;4800;0,13;1,7;4240;4560;24;5,99;6,59
SĂO VICENTE;ANCO02900;572;Rio Branco - ANCO;20/03/2024;6940;23000;6700;0,28;3,8;13000;14900;28;2,11;6,79
SĂO VICENTE;ANCO02900;572;Rio Branco - ANCO;22/05/2024;5100;22600;1380;0,18;2;11300;12900;24;4,37;6,8
SĂO VICENTE;ANCO02900;572;Rio Branco - ANCO;04/09/2024;5540;26600;2100;0,15;3,2;9980;10600;20;4,57;6,99
SĂO VICENTE;ANCO02900;572;Rio Branco - ANCO;04/12/2024;3650;11600;7700;0,21;2,9;5740;6520;23;11,3;6,76
SĂO VICENTE;CATA23850;2530;Rio Catarina Moraes - CATA;12/01/2016;99,5;660;800000;0,052;1;412;460;26,4;30,5;6,9
SĂO VICENTE;CATA23850;2530;Rio Catarina Moraes - CATA;01/03/2016;16,2;394;1010000;0,034;1;278;312;25,2;11,6;7,25
SĂO VICENTE;CATA23850;2530;Rio Catarina Moraes - CATA;03/05/2016;1630;5740;430000;0,906;1;3490;3720;22,2;25,8;7,07
SĂO VICENTE;CATA23850;2530;Rio Catarina Moraes - CATA;05/07/2016;136;828;350000;0,64;1;418;440;20,8;25,6;7,28
SĂO VICENTE;CATA23850;2530;Rio Catarina Moraes - CATA;13/09/2016;174;996;540000;1,09;1;510;950;24,6;49,7;7
SĂO VICENTE;CATA23850;2530;Rio Catarina Moraes - CATA;08/11/2016;297;1280;690000;1,14;1;736;854;26,4;51,8;6,25
SĂO VICENTE;CATA23850;2530;Rio Catarina Moraes - CATA;11/01/2017;656;2600;510000;0,91;1;1520;1590;29,1;87,3;7,04
SĂO VICENTE;CATA23850;2530;Rio Catarina Moraes - CATA;08/03/2017;11,1;180;420000;0,2;5;140;178;26,9;20,3;8,37
SĂO VICENTE;CATA23850;2530;Rio Catarina Moraes - CATA;02/05/2017;61,4;386;160000;0,66;1;236;242;23,4;7,57;6,97
SĂO VICENTE;CATA23850;2530;Rio Catarina Moraes - CATA;05/07/2017;66,2;497;770000;1,01;1;290;306;19,8;33,3;7,05
SĂO VICENTE;CATA23850;2530;Rio Catarina Moraes - CATA;05/09/2017;79,5;562;300000;1,13;1;300;328;22,3;30,2;7,08
SĂO VICENTE;CATA23850;2530;Rio Catarina Moraes - CATA;08/11/2017;72,8;614;730000;0,84;1;350;372;22;26,4;6,92
SĂO VICENTE;CATA23850;2530;Rio Catarina Moraes - CATA;23/01/2018;227;1120;410000;0,76;1;700;752;28,2;29,3;8,24
SĂO VICENTE;CATA23850;2530;Rio Catarina Moraes - CATA;27/03/2018;1410;5090;32000;0,72;1;2760;3340;25,9;34,3;6,76
SĂO VICENTE;CATA23850;2530;Rio Catarina Moraes - CATA;16/05/2018;440;1930;7400;0,64;1;972;972;23,6;38,3;7,11
SĂO VICENTE;CATA23850;2530;Rio Catarina Moraes - CATA;10/07/2018;99,9;593;35000;0,72;1,9;324;386;20,3;50,7;6,49
SĂO VICENTE;CATA23850;2530;Rio Catarina Moraes - CATA;04/09/2018;107;46200;56000;0,73;1;328;340;21,1;52,2;7,34
SĂO VICENTE;CATA23850;2530;Rio Catarina Moraes - CATA;22/11/2018;66,3;488;84000;0,63;1;282;330;23,5;32,1;7,33
SĂO VICENTE;CATA23850;2530;Rio Catarina Moraes - CATA;16/01/2019;50;423;760000;0,72;1,4;232;252;28,8;37,6;6,58
SĂO VICENTE;CATA23850;2530;Rio Catarina Moraes - CATA;27/03/2019;230;1198;630000;0,95;1;604;720;27,2;38,4;7,01
SĂO VICENTE;CATA23850;2530;Rio Catarina Moraes - CATA;22/05/2019;145;784;610000;1,13;5;420;652;21,5;221;7,45
SĂO VICENTE;CATA23850;2530;Rio Catarina Moraes - CATA;31/07/2019;172;894;640000;;1,1;488;536;20,9;26,3;7,32
SĂO VICENTE;CATA23850;2530;Rio Catarina Moraes - CATA;25/09/2019;61,7;530;530000;0,67;1;260;320;21,5;21,2;3,99
SĂO VICENTE;CATA23850;2530;Rio Catarina Moraes - CATA;13/11/2019;63,5;545;470000;0,72;1;284;362;24,9;14,6;7,1
SĂO VICENTE;CATA23850;2530;Rio Catarina Moraes - CATA;10/03/2020;256;1247;18000;0,67;1,8;636;836;26;28,6;7,22
SĂO VICENTE;CATA23850;2530;Rio Catarina Moraes - CATA;26/05/2021;2590;8570;360000;0,85;1;5030;5380;20;32;7,07
SĂO VICENTE;CATA23850;2530;Rio Catarina Moraes - CATA;30/06/2021;531;2235;2200000;1,81;0,24;1180;1290;19,1;82,1;6,93
SĂO VICENTE;CATA23850;2530;Rio Catarina Moraes - CATA;28/09/2021;83,7;566;630000;0,99;2,4;240;320;26,8;16,8;7,46
SĂO VICENTE;CATA23850;2530;Rio Catarina Moraes - CATA;08/12/2021;148;702;740000;0,74;0,4;370;480;24,2;15,3;7,15
SĂO VICENTE;CATA23850;2530;Rio Catarina Moraes - CATA;24/03/2022;78;598;940000;0,85;1;342;360;26;25,1;6,97
SĂO VICENTE;CATA23850;2530;Rio Catarina Moraes - CATA;02/06/2022;281;1300;830000;0,86;1,8;232;332;21;19,1;6,96
SĂO VICENTE;CATA23850;2530;Rio Catarina Moraes - CATA;29/09/2022;57,5;402;330000;0,42;4,3;234;276;19;12,4;7,46
SĂO VICENTE;CATA23850;2530;Rio Catarina Moraes - CATA;30/11/2022;27,2;294;86000;0,32;1;182;186;23;7,27;6,83
SĂO VICENTE;CATA23850;2530;Rio Catarina Moraes - CATA;07/03/2023;663;2670;660000;0,71;1,3;1440;1470;23;17,6;7,24
SĂO VICENTE;CATA23850;2530;Rio Catarina Moraes - CATA;14/06/2023;494;1910;960000;0,9;1;1120;1180;21;26,1;7,34
SĂO VICENTE;CATA23850;2530;Rio Catarina Moraes - CATA;13/09/2023;54,3;448;830000;1,05;1;248;276;24;15,9;7,69
SĂO VICENTE;CATA23850;2530;Rio Catarina Moraes - CATA;06/12/2023;47,3;408;64000;0,92;1;180;214;27;8,16;7,03
SĂO VICENTE;CATA23850;2530;Rio Catarina Moraes - CATA;13/03/2024;48,4;509;840000;0,78;1;1000;1010;26;30,4;6,92
SĂO VICENTE;CATA23850;2530;Rio Catarina Moraes - CATA;07/05/2024;176;905;350000;0,8;1;1360;1360;25;40,7;7,52
SĂO VICENTE;CATA23850;2530;Rio Catarina Moraes - CATA;18/09/2024;147;8,6;810000;0,73;0,4;374;406;21;16,4;7,09
SĂO VICENTE;CATA23850;2530;Rio Catarina Moraes - CATA;11/12/2024;40,1;307;800000;0,8;0,3;114;166;23;13,5;6,79
SĂO VICENTE;REIS02900;573;Rio Canal Barreiros - REIS;12/01/2016;17800;47900;1300;0,01;5,6;20000;20000;23,4;13;7,31
SĂO VICENTE;REIS02900;573;Rio Canal Barreiros - REIS;01/03/2016;5100;15900;18000;0,019;5,2;10100;10200;26,1;6,28;6,96
SĂO VICENTE;REIS02900;573;Rio Canal Barreiros - REIS;03/05/2016;16400;46500;720;0,276;5,1;34100;36000;23,3;3,78;7
SĂO VICENTE;REIS02900;573;Rio Canal Barreiros - REIS;05/07/2016;12700;34700;292;0,334;6,8;26700;26900;20;7,3;6,18
SĂO VICENTE;REIS02900;573;Rio Canal Barreiros - REIS;13/09/2016;14700;41200;360;0,23;7;20000;20000;22,7;6,46;7,16
SĂO VICENTE;REIS02900;573;Rio Canal Barreiros - REIS;08/11/2016;13800;3700;180;0,16;6,1;20000;20000;26,4;4,15;6,48
SĂO VICENTE;REIS02900;573;Rio Canal Barreiros - REIS;11/01/2017;13600;36900;920;0,26;5,2;20000;20000;29,3;4,13;7
SĂO VICENTE;REIS02900;573;Rio Canal Barreiros - REIS;08/03/2017;13550;36100;4700;0,28;5,3;20000;20000;27,7;6,8;6,39
SĂO VICENTE;REIS02900;573;Rio Canal Barreiros - REIS;02/05/2017;12160;31800;1240;0,24;3,1;20000;20000;23,3;2,99;7,14
SĂO VICENTE;REIS02900;573;Rio Canal Barreiros - REIS;05/07/2017;15800;45700;232;0,098;6,5;20000;20000;19,9;7,04;7,79
SĂO VICENTE;REIS02900;573;Rio Canal Barreiros - REIS;05/09/2017;17400;45900;240;0,14;6,3;20000;20000;22,8;10,1;7,77
SĂO VICENTE;REIS02900;573;Rio Canal Barreiros - REIS;08/11/2017;15400;43000;580;0,14;4,9;20000;20000;23,7;4,51;6,97
SĂO VICENTE;REIS02900;573;Rio Canal Barreiros - REIS;23/01/2018;15400;45500;112;0,088;4,3;20000;20000;28,8;3,51;9,03
SĂO VICENTE;REIS02900;573;Rio Canal Barreiros - REIS;27/03/2018;14700;43200;268;0,089;5,2;20000;20000;27,8;3,11;7,11
SĂO VICENTE;REIS02900;573;Rio Canal Barreiros - REIS;16/05/2018;17100;44400;88;0,14;2,9;20000;20000;24,2;2,88;7,21
SĂO VICENTE;REIS02900;573;Rio Canal Barreiros - REIS;10/07/2018;18400;48900;540;0,075;6,8;20000;20000;20,5;11,2;5,78
SĂO VICENTE;REIS02900;573;Rio Canal Barreiros - REIS;04/09/2018;16700;610;57;0,049;7,3;20000;20000;21,1;13,1;8
SĂO VICENTE;REIS02900;573;Rio Canal Barreiros - REIS;22/11/2018;12700;36385;600;0,14;4,5;20000;20000;23,4;5,59;7,43
SĂO VICENTE;REIS02900;573;Rio Canal Barreiros - REIS;16/01/2019;16100;45253;580;0,14;4,8;20000;20000;30,4;2,9;7,53
SĂO VICENTE;REIS02900;573;Rio Canal Barreiros - REIS;27/03/2019;11600;32500;840;0,13;4,8;19700;20000;27,4;2,71;7,63
SĂO VICENTE;REIS02900;573;Rio Canal Barreiros - REIS;22/05/2019;10300;29630;1740;0,14;7,3;18000;20000;22,1;7,95;6,92
SĂO VICENTE;REIS02900;573;Rio Canal Barreiros - REIS;31/07/2019;14400;41160;960;0,15;5;20000;20000;21,7;4,93;7,29
SĂO VICENTE;REIS02900;573;Rio Canal Barreiros - REIS;25/09/2019;12400;16137;520;0,12;8,4;17800;20000;21,4;8,35;6,66
SĂO VICENTE;REIS02900;573;Rio Canal Barreiros - REIS;13/11/2019;11700;32935;860;0,19;4,3;18300;20000;23,9;7,36;7,28
SĂO VICENTE;REIS02900;573;Rio Canal Barreiros - REIS;10/03/2020;10400;30951;1800;0,11;5,6;18600;20000;26,1;11,8;7,26
SĂO VICENTE;REIS02900;573;Rio Canal Barreiros - REIS;26/05/2021;14600;42300;440;0,14;4,5;20000;20000;21;7,85;7,41
SĂO VICENTE;REIS02900;573;Rio Canal Barreiros - REIS;30/06/2021;16900;44380;740;0,12;4,2;20000;20000;19,3;2,6;7,53
SĂO VICENTE;REIS02900;573;Rio Canal Barreiros - REIS;28/09/2021;13400;36980;1080;0,15;5,1;20000;20000;24,3;3,48;7,64
SĂO VICENTE;REIS02900;573;Rio Canal Barreiros - REIS;08/12/2021;12000;34700;2800;0,23;4,5;20000;20000;24,4;7,44;7,37
SĂO VICENTE;REIS02900;573;Rio Canal Barreiros - REIS;24/03/2022;7300;22400;660;0,13;3;11500;16400;26;2,33;6,97
SĂO VICENTE;REIS02900;573;Rio Canal Barreiros - REIS;02/06/2022;14400;41200;8500;0,27;3,7;20000;20000;21;7,91;6,94
SĂO VICENTE;REIS02900;573;Rio Canal Barreiros - REIS;29/09/2022;13100;39000;1040;0,39;5,4;20000;20000;20;4;7,28
SĂO VICENTE;REIS02900;573;Rio Canal Barreiros - REIS;30/11/2022;7160;23300;600;0,23;3,2;15268;15280;24;4,64;7,06
SĂO VICENTE;REIS02900;573;Rio Canal Barreiros - REIS;07/03/2023;13200;37200;296;0,18;3,5;18900;20000;24;2,9;7,03
SĂO VICENTE;REIS02900;573;Rio Canal Barreiros - REIS;14/06/2023;19600;51400;2000;0,21;6,8;20000;20000;22;26,2;7,92
SĂO VICENTE;REIS02900;573;Rio Canal Barreiros - REIS;13/09/2023;15400;42500;620;0,02;6,1;20000;20000;23;4,26;7,93
SĂO VICENTE;REIS02900;573;Rio Canal Barreiros - REIS;06/12/2023;12400;42800;80;0,34;6,8;20000;20000;27;2,71;8,24
SĂO VICENTE;REIS02900;573;Rio Canal Barreiros - REIS;13/03/2024;11900;37000;720;0,17;3,6;20000;20000;27;3,95;7,29
SĂO VICENTE;REIS02900;573;Rio Canal Barreiros - REIS;07/05/2024;20300;52000;29;0,26;6,3;20000;20000;25;3,83;7,93
SĂO VICENTE;REIS02900;573;Rio Canal Barreiros - REIS;18/09/2024;10900;36300;720;0,41;4,2;31500;34400;20;12,6;7,2
SĂO VICENTE;REIS02900;573;Rio Canal Barreiros - REIS;11/12/2024;16900;41900;620;0,1;4,8;20000;20000;24;2,14;7,36
;;;;media geral;;7475,149597;118401,4926;2,000371915;5,415944798;3991,547771;4286,575372;22,74755839;10,9943949;6,907749469
;;;;mediana geral;;560;1380;0,2;5,8;310;350;22,5;6,36;6,97
;;;;moda geral;;41;72;0,02;1;50;20000;20;3,48;7,01
;;;;media cubatăo;;755,400229;2634,030534;3,123987786;7,409351145;467,1946565;537,1221374;22,06603053;7,168091603;6,769351145
;;;;mediana cubatăo;;142,5;540;0,04;7,8;100;131;22;4,14;6,825
;;;;moda cubatăo;;41;80;0,02;8,6;50;50;20;1,54;6,33
;;;;media guaruja;;15935,60465;272653,5116;0,852651163;2,306511628;9034,232558;10066;23,4372093;18,3544186;7,161627907
;;;;mediana guaruja;;13900;240000;0,79;1,1;7670;8630;23,3;16,3;7,19
;;;;moda guaruja;;12000;290000;0,73;1;20000;20000;24;12,1;7,25
;;;;media santos;;2229,121951;507385,3659;0,955292683;2,254634146;1256,634146;1338,707317;22,94878049;14,15634146;7,04902439
;;;;mediana santos;;484;350000;0,92;1,9;292;306;22,5;13,4;7,09
;;;;moda santos;;388;79000;0,62;1;178;186;22,1;10,4;6,93
;;;;media săo vicente;;20370,0448;180400,688;0,369830645;3,34432;10540,96;11124,208;23,8728;15,44536;7,06416
;;;;mediana săo vicente;;21700;1380;0,2;3,4;11500;13500;23,9;7,4;7,03
;;;;moda săo vicente;;34700;720;0,14;1;20000;20000;24;2,14;6,97
